{
    "471e-08d5-4f02-899e-b2ac9e": {
        "ce76175e-f388-4f0f-b833-72ae4a8a29e3": 0.08524375515467844,
        "45cf2d39-59e1-4a92-b5f5-5f43e594c8f4": 0.08732716719410237,
        "e1417d65-c52a-4165-a228-93444e6f5def": 0.23174102186707832,
        "bd2405cb-78e1-4f93-88f8-eecc40fce862": 0.13099554871702968,
        "16232513-a830-4b4c-b022-fa15022bdd03": 0.054335198102685514,
        "55299d6f-63f4-4280-9a85-9039daa226e0": 0.08524375515467844,
        "ec6a0627-182c-4ef4-b02b-17a64668cf74": 0.09678045986664849,
        "875271a3-064a-45f8-9cd5-382466c1754d": 0.06478959906768142,
        "83333241-980c-4d78-8140-1d65ee2840ca": 0.09390185341629965,
        "e7028d62-91ad-403f-a651-5c0afd565874": 0.06964164145911779
    },
    "651d-54fd-4c8c-a211-ee0bf6": {
        "e1417d65-c52a-4165-a228-93444e6f5def": 0.2801233356777701,
        "875271a3-064a-45f8-9cd5-382466c1754d": 0.10442161375856412,
        "bd2405cb-78e1-4f93-88f8-eecc40fce862": 0.2111259644921022,
        "83333241-980c-4d78-8140-1d65ee2840ca": 0.15134193157156461,
        "e7028d62-91ad-403f-a651-5c0afd565874": 0.11224166672739755,
        "45cf2d39-59e1-4a92-b5f5-5f43e594c8f4": 0.14074548777260154,
        "ec6a0627-182c-4ef4-b02b-17a64668cf74": 0,
        "ce76175e-f388-4f0f-b833-72ae4a8a29e3": 0,
        "55299d6f-63f4-4280-9a85-9039daa226e0": 0,
        "16232513-a830-4b4c-b022-fa15022bdd03": 0
    },
    "4e77-a7cc-4999-8077-ee691b": {
        "e1417d65-c52a-4165-a228-93444e6f5def": 0.5761426734526791,
        "55299d6f-63f4-4280-9a85-9039daa226e0": 0.21192866327366047,
        "ce76175e-f388-4f0f-b833-72ae4a8a29e3": 0.21192866327366047,
        "83333241-980c-4d78-8140-1d65ee2840ca": 0,
        "ec6a0627-182c-4ef4-b02b-17a64668cf74": 0,
        "bd2405cb-78e1-4f93-88f8-eecc40fce862": 0,
        "45cf2d39-59e1-4a92-b5f5-5f43e594c8f4": 0,
        "e7028d62-91ad-403f-a651-5c0afd565874": 0,
        "875271a3-064a-45f8-9cd5-382466c1754d": 0,
        "16232513-a830-4b4c-b022-fa15022bdd03": 0
    },
    "18f0-cd50-4152-98ca-057134": {
        "e1417d65-c52a-4165-a228-93444e6f5def": 0.3626856684594619,
        "ec6a0627-182c-4ef4-b02b-17a64668cf74": 0.18933250087614314,
        "bd2405cb-78e1-4f93-88f8-eecc40fce862": 0.20501423428995125,
        "16232513-a830-4b4c-b022-fa15022bdd03": 0.1062964461685438,
        "45cf2d39-59e1-4a92-b5f5-5f43e594c8f4": 0.13667115020589998,
        "83333241-980c-4d78-8140-1d65ee2840ca": 0,
        "ce76175e-f388-4f0f-b833-72ae4a8a29e3": 0,
        "e7028d62-91ad-403f-a651-5c0afd565874": 0,
        "55299d6f-63f4-4280-9a85-9039daa226e0": 0,
        "875271a3-064a-45f8-9cd5-382466c1754d": 0
    },
    "ed9c1bb8-b23d-4f61-bec0-6260b219a920": {
        "83333241-980c-4d78-8140-1d65ee2840ca": 0.41753196135467313,
        "bd2405cb-78e1-4f93-88f8-eecc40fce862": 0.5824680386453268,
        "ec6a0627-182c-4ef4-b02b-17a64668cf74": 0,
        "ce76175e-f388-4f0f-b833-72ae4a8a29e3": 0,
        "45cf2d39-59e1-4a92-b5f5-5f43e594c8f4": 0,
        "e1417d65-c52a-4165-a228-93444e6f5def": 0,
        "e7028d62-91ad-403f-a651-5c0afd565874": 0,
        "55299d6f-63f4-4280-9a85-9039daa226e0": 0,
        "875271a3-064a-45f8-9cd5-382466c1754d": 0,
        "16232513-a830-4b4c-b022-fa15022bdd03": 0
    },
    "5360479e-7790-46b8-b3ad-b8dd78460c01": {
        "e1417d65-c52a-4165-a228-93444e6f5def": 0.3749913235966833,
        "83333241-980c-4d78-8140-1d65ee2840ca": 0.20259615679067247,
        "bd2405cb-78e1-4f93-88f8-eecc40fce862": 0.2826269531560577,
        "875271a3-064a-45f8-9cd5-382466c1754d": 0.13978556645658644,
        "ec6a0627-182c-4ef4-b02b-17a64668cf74": 0,
        "ce76175e-f388-4f0f-b833-72ae4a8a29e3": 0,
        "45cf2d39-59e1-4a92-b5f5-5f43e594c8f4": 0,
        "e7028d62-91ad-403f-a651-5c0afd565874": 0,
        "55299d6f-63f4-4280-9a85-9039daa226e0": 0,
        "16232513-a830-4b4c-b022-fa15022bdd03": 0
    },
    "b7a182a8-e061-4fd3-989d-92ce74a941bb": {
        "45cf2d39-59e1-4a92-b5f5-5f43e594c8f4": 0.3032568613407303,
        "e7028d62-91ad-403f-a651-5c0afd565874": 0.24184118512131045,
        "bd2405cb-78e1-4f93-88f8-eecc40fce862": 0.45490195353795915,
        "83333241-980c-4d78-8140-1d65ee2840ca": 0,
        "ec6a0627-182c-4ef4-b02b-17a64668cf74": 0,
        "ce76175e-f388-4f0f-b833-72ae4a8a29e3": 0,
        "e1417d65-c52a-4165-a228-93444e6f5def": 0,
        "55299d6f-63f4-4280-9a85-9039daa226e0": 0,
        "875271a3-064a-45f8-9cd5-382466c1754d": 0,
        "16232513-a830-4b4c-b022-fa15022bdd03": 0
    },
    "0bf02fb7-71f2-46f9-afc0-b2763c7c81a8": {
        "e1417d65-c52a-4165-a228-93444e6f5def": 0.29913746962791443,
        "ec6a0627-182c-4ef4-b02b-17a64668cf74": 0.20821131595294792,
        "bd2405cb-78e1-4f93-88f8-eecc40fce862": 0.22545671405101808,
        "16232513-a830-4b4c-b022-fa15022bdd03": 0.11689552948097648,
        "45cf2d39-59e1-4a92-b5f5-5f43e594c8f4": 0.15029897088714314,
        "83333241-980c-4d78-8140-1d65ee2840ca": 0,
        "ce76175e-f388-4f0f-b833-72ae4a8a29e3": 0,
        "e7028d62-91ad-403f-a651-5c0afd565874": 0,
        "55299d6f-63f4-4280-9a85-9039daa226e0": 0,
        "875271a3-064a-45f8-9cd5-382466c1754d": 0
    },
    "b58cd2b7-b6ad-4e76-b2f8-9eb11459cfd7": {
        "e1417d65-c52a-4165-a228-93444e6f5def": 1.0,
        "83333241-980c-4d78-8140-1d65ee2840ca": 0,
        "ec6a0627-182c-4ef4-b02b-17a64668cf74": 0,
        "bd2405cb-78e1-4f93-88f8-eecc40fce862": 0,
        "ce76175e-f388-4f0f-b833-72ae4a8a29e3": 0,
        "45cf2d39-59e1-4a92-b5f5-5f43e594c8f4": 0,
        "e7028d62-91ad-403f-a651-5c0afd565874": 0,
        "55299d6f-63f4-4280-9a85-9039daa226e0": 0,
        "875271a3-064a-45f8-9cd5-382466c1754d": 0,
        "16232513-a830-4b4c-b022-fa15022bdd03": 0
    },
    "4925-2699-41d5-af7a-4b64d1": {
        "16232513-a830-4b4c-b022-fa15022bdd03": 0.1476347563891554,
        "45cf2d39-59e1-4a92-b5f5-5f43e594c8f4": 0.1898220748987259,
        "bd2405cb-78e1-4f93-88f8-eecc40fce862": 0.28474354154525944,
        "e1417d65-c52a-4165-a228-93444e6f5def": 0.37779962716685933,
        "83333241-980c-4d78-8140-1d65ee2840ca": 0,
        "ec6a0627-182c-4ef4-b02b-17a64668cf74": 0,
        "ce76175e-f388-4f0f-b833-72ae4a8a29e3": 0,
        "e7028d62-91ad-403f-a651-5c0afd565874": 0,
        "55299d6f-63f4-4280-9a85-9039daa226e0": 0,
        "875271a3-064a-45f8-9cd5-382466c1754d": 0
    },
    "8e73-7517-412c-8404-2f081e": {
        "ec6a0627-182c-4ef4-b02b-17a64668cf74": 1.0,
        "83333241-980c-4d78-8140-1d65ee2840ca": 0,
        "bd2405cb-78e1-4f93-88f8-eecc40fce862": 0,
        "ce76175e-f388-4f0f-b833-72ae4a8a29e3": 0,
        "45cf2d39-59e1-4a92-b5f5-5f43e594c8f4": 0,
        "e1417d65-c52a-4165-a228-93444e6f5def": 0,
        "e7028d62-91ad-403f-a651-5c0afd565874": 0,
        "55299d6f-63f4-4280-9a85-9039daa226e0": 0,
        "875271a3-064a-45f8-9cd5-382466c1754d": 0,
        "16232513-a830-4b4c-b022-fa15022bdd03": 0
    }
}