{
    "471e-08d5-4f02-899e-b2ac9e": {
        "bd2405cb-78e1-4f93-88f8-eecc40fce862": 0.13063746495728806,
        "ec6a0627-182c-4ef4-b02b-17a64668cf74": 0.09651620353906415,
        "875271a3-064a-45f8-9cd5-382466c1754d": 0.06461258672332902,
        "16232513-a830-4b4c-b022-fa15022bdd03": 0.05418682800193547,
        "e1417d65-c52a-4165-a228-93444e6f5def": 0.22169633618706788,
        "55299d6f-63f4-4280-9a85-9039daa226e0": 0.09108273493636694,
        "e7028d62-91ad-403f-a651-5c0afd565874": 0.06945135056601123,
        "ce76175e-f388-4f0f-b833-72ae4a8a29e3": 0.09108273493636694,
        "83333241-980c-4d78-8140-1d65ee2840ca": 0.09364516977942229,
        "45cf2d39-59e1-4a92-b5f5-5f43e594c8f4": 0.08708859037314819
    },
    "651d-54fd-4c8c-a211-ee0bf6": {
        "e1417d65-c52a-4165-a228-93444e6f5def": 0.27181663682378704,
        "83333241-980c-4d78-8140-1d65ee2840ca": 0.15308817181808962,
        "875271a3-064a-45f8-9cd5-382466c1754d": 0.10562662015789054,
        "bd2405cb-78e1-4f93-88f8-eecc40fce862": 0.2135620099613039,
        "45cf2d39-59e1-4a92-b5f5-5f43e594c8f4": 0.14236968247100532,
        "e7028d62-91ad-403f-a651-5c0afd565874": 0.11353687876792373,
        "ec6a0627-182c-4ef4-b02b-17a64668cf74": 0,
        "ce76175e-f388-4f0f-b833-72ae4a8a29e3": 0,
        "55299d6f-63f4-4280-9a85-9039daa226e0": 0,
        "16232513-a830-4b4c-b022-fa15022bdd03": 0
    },
    "4e77-a7cc-4999-8077-ee691b": {
        "ce76175e-f388-4f0f-b833-72ae4a8a29e3": 0.22552945975505267,
        "e1417d65-c52a-4165-a228-93444e6f5def": 0.5489410804898947,
        "55299d6f-63f4-4280-9a85-9039daa226e0": 0.22552945975505267,
        "83333241-980c-4d78-8140-1d65ee2840ca": 0,
        "ec6a0627-182c-4ef4-b02b-17a64668cf74": 0,
        "bd2405cb-78e1-4f93-88f8-eecc40fce862": 0,
        "45cf2d39-59e1-4a92-b5f5-5f43e594c8f4": 0,
        "e7028d62-91ad-403f-a651-5c0afd565874": 0,
        "875271a3-064a-45f8-9cd5-382466c1754d": 0,
        "16232513-a830-4b4c-b022-fa15022bdd03": 0
    },
    "18f0-cd50-4152-98ca-057134": {
        "e1417d65-c52a-4165-a228-93444e6f5def": 0.3531314417946758,
        "bd2405cb-78e1-4f93-88f8-eecc40fce862": 0.20808731955697327,
        "ec6a0627-182c-4ef4-b02b-17a64668cf74": 0.19217111736309253,
        "45cf2d39-59e1-4a92-b5f5-5f43e594c8f4": 0.13872001680887358,
        "16232513-a830-4b4c-b022-fa15022bdd03": 0.10789010447638481,
        "83333241-980c-4d78-8140-1d65ee2840ca": 0,
        "ce76175e-f388-4f0f-b833-72ae4a8a29e3": 0,
        "e7028d62-91ad-403f-a651-5c0afd565874": 0,
        "55299d6f-63f4-4280-9a85-9039daa226e0": 0,
        "875271a3-064a-45f8-9cd5-382466c1754d": 0
    },
    "ed9c1bb8-b23d-4f61-bec0-6260b219a920": {
        "83333241-980c-4d78-8140-1d65ee2840ca": 0.4175319675968411,
        "bd2405cb-78e1-4f93-88f8-eecc40fce862": 0.5824680324031589,
        "ec6a0627-182c-4ef4-b02b-17a64668cf74": 0,
        "ce76175e-f388-4f0f-b833-72ae4a8a29e3": 0,
        "45cf2d39-59e1-4a92-b5f5-5f43e594c8f4": 0,
        "e1417d65-c52a-4165-a228-93444e6f5def": 0,
        "e7028d62-91ad-403f-a651-5c0afd565874": 0,
        "55299d6f-63f4-4280-9a85-9039daa226e0": 0,
        "875271a3-064a-45f8-9cd5-382466c1754d": 0,
        "16232513-a830-4b4c-b022-fa15022bdd03": 0
    },
    "5360479e-7790-46b8-b3ad-b8dd78460c01": {
        "875271a3-064a-45f8-9cd5-382466c1754d": 0.1419534357590369,
        "83333241-980c-4d78-8140-1d65ee2840ca": 0.20573783323904077,
        "bd2405cb-78e1-4f93-88f8-eecc40fce862": 0.2870096668462613,
        "e1417d65-c52a-4165-a228-93444e6f5def": 0.36529906415566116,
        "ec6a0627-182c-4ef4-b02b-17a64668cf74": 0,
        "ce76175e-f388-4f0f-b833-72ae4a8a29e3": 0,
        "45cf2d39-59e1-4a92-b5f5-5f43e594c8f4": 0,
        "e7028d62-91ad-403f-a651-5c0afd565874": 0,
        "55299d6f-63f4-4280-9a85-9039daa226e0": 0,
        "16232513-a830-4b4c-b022-fa15022bdd03": 0
    },
    "b7a182a8-e061-4fd3-989d-92ce74a941bb": {
        "bd2405cb-78e1-4f93-88f8-eecc40fce862": 0.45490161229603926,
        "e7028d62-91ad-403f-a651-5c0afd565874": 0.24184127699466199,
        "45cf2d39-59e1-4a92-b5f5-5f43e594c8f4": 0.30325711070929867,
        "83333241-980c-4d78-8140-1d65ee2840ca": 0,
        "ec6a0627-182c-4ef4-b02b-17a64668cf74": 0,
        "ce76175e-f388-4f0f-b833-72ae4a8a29e3": 0,
        "e1417d65-c52a-4165-a228-93444e6f5def": 0,
        "55299d6f-63f4-4280-9a85-9039daa226e0": 0,
        "875271a3-064a-45f8-9cd5-382466c1754d": 0,
        "16232513-a830-4b4c-b022-fa15022bdd03": 0
    },
    "0bf02fb7-71f2-46f9-afc0-b2763c7c81a8": {
        "e1417d65-c52a-4165-a228-93444e6f5def": 0.29049424416474456,
        "bd2405cb-78e1-4f93-88f8-eecc40fce862": 0.2282367090952968,
        "ec6a0627-182c-4ef4-b02b-17a64668cf74": 0.21077931852598786,
        "45cf2d39-59e1-4a92-b5f5-5f43e594c8f4": 0.15215247228667836,
        "16232513-a830-4b4c-b022-fa15022bdd03": 0.11833725592729237,
        "83333241-980c-4d78-8140-1d65ee2840ca": 0,
        "ce76175e-f388-4f0f-b833-72ae4a8a29e3": 0,
        "e7028d62-91ad-403f-a651-5c0afd565874": 0,
        "55299d6f-63f4-4280-9a85-9039daa226e0": 0,
        "875271a3-064a-45f8-9cd5-382466c1754d": 0
    },
    "b58cd2b7-b6ad-4e76-b2f8-9eb11459cfd7": {
        "e1417d65-c52a-4165-a228-93444e6f5def": 1.0,
        "83333241-980c-4d78-8140-1d65ee2840ca": 0,
        "ec6a0627-182c-4ef4-b02b-17a64668cf74": 0,
        "bd2405cb-78e1-4f93-88f8-eecc40fce862": 0,
        "ce76175e-f388-4f0f-b833-72ae4a8a29e3": 0,
        "45cf2d39-59e1-4a92-b5f5-5f43e594c8f4": 0,
        "e7028d62-91ad-403f-a651-5c0afd565874": 0,
        "55299d6f-63f4-4280-9a85-9039daa226e0": 0,
        "875271a3-064a-45f8-9cd5-382466c1754d": 0,
        "16232513-a830-4b4c-b022-fa15022bdd03": 0
    },
    "4925-2699-41d5-af7a-4b64d1": {
        "bd2405cb-78e1-4f93-88f8-eecc40fce862": 0.28919250908253386,
        "e1417d65-c52a-4165-a228-93444e6f5def": 0.3680773337340756,
        "16232513-a830-4b4c-b022-fa15022bdd03": 0.14994190941154278,
        "45cf2d39-59e1-4a92-b5f5-5f43e594c8f4": 0.19278824777184772,
        "83333241-980c-4d78-8140-1d65ee2840ca": 0,
        "ec6a0627-182c-4ef4-b02b-17a64668cf74": 0,
        "ce76175e-f388-4f0f-b833-72ae4a8a29e3": 0,
        "e7028d62-91ad-403f-a651-5c0afd565874": 0,
        "55299d6f-63f4-4280-9a85-9039daa226e0": 0,
        "875271a3-064a-45f8-9cd5-382466c1754d": 0
    },
    "8e73-7517-412c-8404-2f081e": {
        "ec6a0627-182c-4ef4-b02b-17a64668cf74": 1.0,
        "83333241-980c-4d78-8140-1d65ee2840ca": 0,
        "bd2405cb-78e1-4f93-88f8-eecc40fce862": 0,
        "ce76175e-f388-4f0f-b833-72ae4a8a29e3": 0,
        "45cf2d39-59e1-4a92-b5f5-5f43e594c8f4": 0,
        "e1417d65-c52a-4165-a228-93444e6f5def": 0,
        "e7028d62-91ad-403f-a651-5c0afd565874": 0,
        "55299d6f-63f4-4280-9a85-9039daa226e0": 0,
        "875271a3-064a-45f8-9cd5-382466c1754d": 0,
        "16232513-a830-4b4c-b022-fa15022bdd03": 0
    }
}